Paket Numarası,Uydu Statüsü,Hata Kodu,Gönderme Saati,Basınç1,Basınç2,Yükseklik1,Yükseklik2,İrtifa Farkı,İniş Hızı,Sıcaklık,Pil Gerilimi,GPS1 Latitude,GPS1 Longitude,GPS1 Altitude,Pitch,Roll,Yaw,RHRH,IoT S1 Data,IoT S2 Data,Takım NO
1,,,1748176828.0,99926.64488159853,,117.07547160931588,,,,20.944140625,,-1.0,-1.0,-1.0,9.5625,-23.1875,0.0,,,,3202951
2,,,1748176829.0,99925.90844859995,,117.13747704349572,,,,20.933984375,,41.10365,29.019763,116.8,9.5625,-23.1875,0.0,,,,3202951
3,,,1748176830.0,99923.21907046289,,117.36391770265179,,,,20.933984375,,41.10365,29.019763,116.8,9.5625,-23.1875,0.0,,,,3202951
4,,,1748176831.0,99924.08619961288,,117.29090649486653,,,,20.9287109375,,41.10365,29.019763,116.8,9.5625,-23.1875,0.0,,,,3202951
5,,,1748176832.0,99928.46716642422,,116.92204232152,,,,20.933984375,,41.103653,29.019755,116.8,9.5625,-23.1875,0.0,,,,3202951
6,,,1748176833.0,99929.50774804094,,116.83443041678538,,,,20.933984375,,41.103653,29.019755,116.8,9.5625,-23.1875,0.0,,,,3202951
7,,,1748176834.0,99927.07972475242,,117.03885930288737,,,,20.944140625,,41.103655,29.019748,116.7,9.5625,-23.1875,0.0,,,,3202951
8,,,1748176835.0,99929.50774804094,,116.83443041678538,,,,20.944140625,,41.103655,29.019748,116.7,9.5625,-23.1875,0.0,,,,3202951
9,,,1748176836.0,99932.79194476883,,116.55792189035921,,,,20.94921875,,41.103656,29.019743,116.7,9.5625,-23.1875,0.0,,,,3202951
